Study 4 laying hen egg evaluation,
Dosage regimen: ,1mg/kg PO q12hr *20 doses.
Time ,follicle
253,0.214604165
256,0.229086391
258,0.205238186
260,0.15433122
264,0.112398214
268,0.105428456
276,0.160179498
288,0.108383907
300,0.085755699
