Study 5 laying hen egg evaluation,
Dosage regimen: ,1mg/kg IV once
Time ,follicle
52,0.019575
56,0.007825
60,0.00775
66,0.008225
72,0.004075
78,0.007325
