Study 3 laying hen egg evaluation,
Dosage regimen: ,1mg/kg PO q24hr *8 doses.
Time ,follicle
193,0.054180548
196,0.079943656
198,0.047957565
200,0.0368662
204,0.038234322
208,0.036671872
216,0.036339257
228,0.028006461
