Study 2 laying hen egg evaluation,
Dosage regimen: ,1mg/kg PO q24hr *8 doses.
Time ,Concentration
1,0.005338681
2,5.7486
3,2.29090125
4,2.164303636
12,0.508965455
24,0.0515
26,2.7316
50,2.2318
72,0.0451
74,3.22
122,3.5792
144,0.0417
169,2.5986
170,3.1877
171,2.8485
172,2.5464
180,0.419453333
192,0.043942727
