Study 2 laying hen egg evaluation,
Dosage regimen: ,1mg/kg PO q24hr *8 doses.
Time ,follicle
220,0.157396526
264,0.050819405
312,0.065168648
360,0.011377355
