Study 2 laying hen egg evaluation,
Dosage regimen: ,1mg/kg PO q24hr *8 doses.
Time ,follicle
196,0.031952111
240,0.065550977
288,0.024763476
336,0.014593733
