Study 3 laying hen egg evaluation,
Dosage regimen: ,1mg/kg PO q24hr *8 doses.
Time ,follicle
217,0.058567843
220,0.098247584
222,0.047957152
224,0.041935537
228,0.045256362
232,0.037260264
240,0.036097077
252,0.027727185
