Study 4 laying hen egg evaluation,
Dosage regimen: ,1mg/kg PO q12hr *20 doses.
Time ,follicle
277,0.206347395
280,0.276852857
282,0.232148014
284,0.214230003
288,0.09363711
292,0.111591604
300,0.172119106
312,0.111295041
324,0.087084003
